Capital,Address
"Albany, NY","110 State St, Albany, NY 12207"
"Annapolis, MD","100 State Cir, Annapolis, MD 2140"
"Atlanta, GA","206 Washington St SW, Atlanta, GA 30334"
"Augusta, ME","210 State St, Augusta, ME 04333"
"Austin, TX","1100 Congress Ave, Austin, TX 78701"
"Baton Rouge, LA","900 N 3rd St B170, Baton Rouge, LA 70802"
"Bismark, ND","600 E Boulevard Ave, Bismarck, ND 58505"
"Boise, ID","700 W Jefferson St, Boise, ID 83702"
"Boston, MA","24 Beacon St, Boston, MA 0213"
"Carson City, NV","101 N Carson St, Carson City, NV 89701"
"Charleston, WV","1900 Kanawha Blvd. East, Charleston, WV 25317"
"Cheyenne, WY","200 W 24th St, Cheyenne, WY 82001"
"Columbia, SC","1100 Gervais St, Columbia, SC 29201"
"Columbus, OH","1 Capitol Square, Columbus, OH 43215"
"Concord, NH","107 North main St., Concord, NH 03301"
"Denver, CO","200 E Colfax Ave, Denver, CO 80203"
"Des Moines, IA","1007 E Grand Ave, Des Moines, IA 50319"
"Dover, DE","411 Legislative Ave, Dover, DE 19901"
"Frankfort, KY","700 Capital Ave, Frankfort, KY 40601"
"Harrisburg, PA","501 N 3rd St, Harrisburg, PA 17120"
"Hartford, CT","300 Capitol Ave #5100, Hartford, CT 0610"
"Helena, MT","1317 9th Ave., Helena, MT 59601"
"Indianapolis, IN","North Capitol Ave. Indianpolis, IN 46204"
"Jackson, MS","400 High St, Jackson, MS 39201"
"Jefferson City, MO","201 W Capitol Ave, Jefferson City, MO 65101"
"Lansing, MI","100 N Capitol Ave, Lansing, MI 48933"
"Lincoln, NE","1445 K St, Lincoln, NE 68508"
"Little Rock, AR","500 Woodlane St, Little Rock, AR 72201"
"Madison, WI","2 E Main St, Madison, WI 53703"
"Minneapolis, MN","75 Rev Dr Martin Luther King Jr Boulevard., St Paul, MN 55155"
"Montgomery, AL","11 S Union St, Montgomery, AL 36130"
"Montpelier, VT","109 State St, Montpelier, VT 05609"
"Nashville, TN","600 Charlotte Ave, Nashville, TN 37243"
"Oklahoma City, OK","2300 N Lincoln Blvd, Oklahoma City, OK 73105"
"Olympia, WA","414 Sid Snyder Ave SW, Olympia, WA 98504"
"Phoenix, AZ","1700 W Washington, Phoenix, AZ 85007"
"Pierre, SD","500 E Capitol Ave, Pierre, SD 57501"
"Providence, RI","82 Smith St., Providence, RI 02903"
"Raliegh, NC","1 E Edenton St, Raleigh, NC 27601"
"Richmond, VA","1234 Bank St, Richmond, VA 23219"
"Sacramento, CA","1315 10th St, Sacramento, CA 95814"
"Salem, OR","900 Court St NE, Salem, OR 97301"
"Salt Lake Ciry, UT","350 State St, Salt Lake City, UT 84114"
"Santa Fe, NM","490 Old Santa Fe Trail, Santa Fe, NM 87501"
"Springfield, IL","401 South Second Street, Springfield, IL 62707"
"Tallahasee, FL","400 S Monroe St, Tallahassee, FL 32399"
"Topeka, KS","SW 8th & SW Van Buren, Topeka, KS 66612"
"Trenton, NJ","125 W State St, Trenton, NJ 08608"
"Washington, DC",Pentagon building